{
  "certo": "<:3x_StorM:1333759068224880653>",
  "errado": "<:4x_StorM:1333759115155083326>",
  "calendario": "📆",
  "pessoa": "<:membro:1333531578302861405>",
  "exclamacao": "❗️",
  "id": "<:id:1333763749773053985>",
  "lupa": "<:busca:1333765126771445773>",
  "menos": "<:menos:1333763840126746674>",
  "mais": "❗️",
  "cores": "❗️",
  "carregando": "<a:carregando:1333762105383583775>",
  "engrenagem": "<:manager:1333763886213632072>",
  "sino": "❗️",
  "lapis": "❗️",
  "ticket": "❗️",
  "silenciar": "<:silenciar:1334497842709921854>",
  "banir": "<:martelo:1334500665816256573>",
  "sair": "<:leave:1334498079109414983>"
}