{
  "1083542161162780744": [
    {
      "dono_ticket": "1083542161162780744",
      "fechou_ticket": "1083542161162780744",
      "assumido": "1083542161162780744",
      "motivo": "b",
      "codigo": "8C21FB"
    },
    {
      "dono_ticket": "1083542161162780744",
      "fechou_ticket": "275793991805566980",
      "assumido": "Ninguem Assumiu",
      "motivo": ".m",
      "codigo": "FA63FA"
    },
    {
      "dono_ticket": "1083542161162780744",
      "fechou_ticket": "1083542161162780744",
      "assumido": "Ninguem Assumiu",
      "motivo": ".m",
      "codigo": "FA63FA"
    },
    {
      "dono_ticket": "1083542161162780744",
      "fechou_ticket": "1083542161162780744",
      "assumido": "Ninguem Assumiu",
      "motivo": "b",
      "codigo": "36CB9F"
    },
    {
      "dono_ticket": "1083542161162780744",
      "fechou_ticket": "1083542161162780744",
      "assumido": "Ninguem Assumiu",
      "motivo": "j",
      "codigo": "FA304B"
    },
    {
      "dono_ticket": "1083542161162780744",
      "fechou_ticket": "1083542161162780744",
      "assumido": "1083542161162780744",
      "motivo": "Bee",
      "codigo": "7FCFAC"
    },
    {
      "dono_ticket": "1083542161162780744",
      "fechou_ticket": "1083542161162780744",
      "assumido": "Ninguem Assumiu",
      "motivo": "Jhh",
      "codigo": "F71DDC"
    },
    {
      "dono_ticket": "1083542161162780744",
      "fechou_ticket": "1083542161162780744",
      "assumido": "1083542161162780744",
      "motivo": "Jaja",
      "codigo": "E06BBA"
    },
    {
      "dono_ticket": "1083542161162780744",
      "fechou_ticket": "1083542161162780744",
      "assumido": "1083542161162780744",
      "motivo": "Teste",
      "codigo": "953FCE"
    },
    {
      "dono_ticket": "1083542161162780744",
      "fechou_ticket": "1083542161162780744",
      "assumido": "1083542161162780744",
      "motivo": "Nn",
      "codigo": "ABE8A9"
    },
    {
      "dono_ticket": "1083542161162780744",
      "fechou_ticket": "1083542161162780744",
      "assumido": "1083542161162780744",
      "motivo": "B",
      "codigo": "8AE2AA"
    },
    {
      "dono_ticket": "1083542161162780744",
      "fechou_ticket": "1083542161162780744",
      "assumido": "Ninguem Assumiu",
      "motivo": "Gg",
      "codigo": "D9DFDA"
    },
    {
      "dono_ticket": "1083542161162780744",
      "fechou_ticket": "1083542161162780744",
      "assumido": "Ninguem Assumiu",
      "motivo": "J",
      "codigo": "DBACD9"
    },
    {
      "dono_ticket": "1083542161162780744",
      "fechou_ticket": "1083542161162780744",
      "assumido": "1083542161162780744",
      "motivo": "Es",
      "codigo": "AB7344"
    },
    {
      "dono_ticket": "1083542161162780744",
      "fechou_ticket": "1083542161162780744",
      "assumido": "Ninguem Assumiu",
      "motivo": "Teste",
      "codigo": "BE3F7C"
    },
    {
      "dono_ticket": "1083542161162780744",
      "fechou_ticket": "1083542161162780744",
      "assumido": "Ninguem Assumiu",
      "motivo": "Hh",
      "codigo": "EBFAB8"
    },
    {
      "dono_ticket": "1083542161162780744",
      "fechou_ticket": "1083542161162780744",
      "assumido": "Ninguem Assumiu",
      "motivo": "Hh",
      "codigo": "EBFAB8"
    },
    {
      "dono_ticket": "1083542161162780744",
      "fechou_ticket": "1083542161162780744",
      "assumido": "Ninguem Assumiu",
      "motivo": "Hh",
      "codigo": "EBFAB8"
    },
    {
      "dono_ticket": "1083542161162780744",
      "fechou_ticket": "1083542161162780744",
      "assumido": "1083542161162780744",
      "motivo": "Teste",
      "codigo": "FCEACE"
    },
    {
      "dono_ticket": "1083542161162780744",
      "fechou_ticket": "1083542161162780744",
      "assumido": "1083542161162780744",
      "motivo": "Nome",
      "codigo": "7A2CFB"
    },
    {
      "dono_ticket": "1083542161162780744",
      "fechou_ticket": "1083542161162780744",
      "assumido": "1083542161162780744",
      "motivo": "H",
      "codigo": "AFCDEB"
    },
    {
      "dono_ticket": "1083542161162780744",
      "fechou_ticket": "1083542161162780744",
      "assumido": "1083542161162780744",
      "motivo": "Teste",
      "codigo": "BF44E7"
    },
    {
      "dono_ticket": "1083542161162780744",
      "fechou_ticket": "1083542161162780744",
      "assumido": "Ninguem Assumiu",
      "motivo": "Ta",
      "codigo": "109B96"
    },
    {
      "dono_ticket": "1083542161162780744",
      "fechou_ticket": "1083542161162780744",
      "assumido": "1083542161162780744",
      "motivo": "Tese",
      "codigo": "BDF33A"
    },
    {
      "dono_ticket": "1083542161162780744",
      "fechou_ticket": "1083542161162780744",
      "assumido": "1083542161162780744",
      "motivo": "tsete",
      "codigo": "7EF4CE"
    },
    {
      "dono_ticket": "1083542161162780744",
      "fechou_ticket": "1083542161162780744",
      "assumido": "1083542161162780744",
      "motivo": "teste",
      "codigo": "0DFF5B"
    },
    {
      "dono_ticket": "1083542161162780744",
      "fechou_ticket": "1083542161162780744",
      "assumido": "1083542161162780744",
      "motivo": "test",
      "codigo": "1A5BFE"
    },
    {
      "dono_ticket": "1083542161162780744",
      "fechou_ticket": "1083542161162780744",
      "assumido": "1083542161162780744",
      "motivo": "teste",
      "codigo": "CA7E65"
    },
    {
      "dono_ticket": "1083542161162780744",
      "fechou_ticket": "1083542161162780744",
      "assumido": "Ninguem Assumiu",
      "motivo": "sdc",
      "codigo": "DC3BE0"
    },
    {
      "dono_ticket": "1083542161162780744",
      "fechou_ticket": "1083542161162780744",
      "assumido": "Ninguem Assumiu",
      "motivo": "Geste",
      "codigo": "EA115A"
    },
    {
      "dono_ticket": "1083542161162780744",
      "fechou_ticket": "1083542161162780744",
      "assumido": "1083542161162780744",
      "motivo": "teste",
      "codigo": "477721"
    },
    {
      "dono_ticket": "1083542161162780744",
      "fechou_ticket": "1083542161162780744",
      "assumido": "Ninguem Assumiu",
      "motivo": "aaaaaaaaa",
      "codigo": "214DA4"
    },
    {
      "dono_ticket": "1083542161162780744",
      "fechou_ticket": "1083542161162780744",
      "assumido": "1083542161162780744",
      "motivo": "tete",
      "codigo": "E225DB"
    },
    {
      "dono_ticket": "1083542161162780744",
      "fechou_ticket": "1083542161162780744",
      "assumido": "Ninguem Assumiu",
      "motivo": "test",
      "codigo": "77C3E9"
    },
    {
      "dono_ticket": "1083542161162780744",
      "fechou_ticket": "1083542161162780744",
      "assumido": "1083542161162780744",
      "motivo": "rtt",
      "codigo": "8D8F06"
    }
  ],
  "1179785786288255048": [
    {
      "dono_ticket": "1179785786288255048",
      "fechou_ticket": "1083542161162780744",
      "assumido": "Ninguem Assumiu",
      "motivo": "parceria?",
      "codigo": "2F587E"
    }
  ],
  "894427124088315964": [
    {
      "dono_ticket": "894427124088315964",
      "fechou_ticket": "1083542161162780744",
      "assumido": "1083542161162780744",
      "motivo": "Receber produto",
      "codigo": "C4BA6F"
    },
    {
      "dono_ticket": "894427124088315964",
      "fechou_ticket": "1083542161162780744",
      "assumido": "275793991805566980",
      "motivo": "Parceria?",
      "codigo": "4C2FAD"
    },
    {
      "dono_ticket": "894427124088315964",
      "fechou_ticket": "1083542161162780744",
      "assumido": "1083542161162780744",
      "motivo": "nitro",
      "codigo": "102EF7"
    }
  ],
  "768248992671858698": [
    {
      "dono_ticket": "768248992671858698",
      "fechou_ticket": "1083542161162780744",
      "assumido": "Ninguem Assumiu",
      "motivo": "PARCERIA",
      "codigo": "B52B62"
    }
  ],
  "1049283912985235467": [
    {
      "dono_ticket": "1049283912985235467",
      "fechou_ticket": "1083542161162780744",
      "assumido": "275793991805566980",
      "motivo": "parceria",
      "codigo": "7A7F02"
    }
  ],
  "1165737153523884164": [
    {
      "dono_ticket": "1165737153523884164",
      "fechou_ticket": "1083542161162780744",
      "assumido": "1103409544488566854",
      "motivo": "Eu",
      "codigo": "CBE8AB"
    },
    {
      "dono_ticket": "1165737153523884164",
      "fechou_ticket": "1165737153523884164",
      "assumido": "Ninguem Assumiu",
      "motivo": "Se quiser eu trabalho com vocês mano.",
      "codigo": "EC9EEC"
    },
    {
      "dono_ticket": "1165737153523884164",
      "fechou_ticket": "1146871654157402212",
      "assumido": "Ninguem Assumiu",
      "motivo": "Se quiser eu trabalho com vocês mano.",
      "codigo": "EC9EEC"
    },
    {
      "dono_ticket": "1165737153523884164",
      "fechou_ticket": "936524273022009384",
      "assumido": "1083542161162780744",
      "motivo": "Se quiser eu trabalho com vocês mano.",
      "codigo": "EC9EEC"
    }
  ],
  "1111601038693249096": [
    {
      "dono_ticket": "1111601038693249096",
      "fechou_ticket": "1083542161162780744",
      "assumido": "Ninguem Assumiu",
      "motivo": "receber minha conta virgem '-'",
      "codigo": "DC3BB6"
    },
    {
      "dono_ticket": "1111601038693249096",
      "fechou_ticket": "1083542161162780744",
      "assumido": "1083542161162780744",
      "motivo": "comprei uma conta nitro pro meu amigo",
      "codigo": "8FA2EB"
    }
  ],
  "1174140630956515451": [
    {
      "dono_ticket": "1174140630956515451",
      "fechou_ticket": "1174140630956515451",
      "assumido": "Ninguem Assumiu",
      "motivo": "parceria",
      "codigo": "65E4CC"
    },
    {
      "dono_ticket": "1174140630956515451",
      "fechou_ticket": "1083542161162780744",
      "assumido": "Ninguem Assumiu",
      "motivo": "parceria",
      "codigo": "65E4CC"
    },
    {
      "dono_ticket": "1174140630956515451",
      "fechou_ticket": "1083542161162780744",
      "assumido": "1103409544488566854",
      "motivo": "queria só saber se tem vaga pra staff",
      "codigo": "5B44BD"
    }
  ],
  "689511318348103683": [
    {
      "dono_ticket": "689511318348103683",
      "fechou_ticket": "1083542161162780744",
      "assumido": "1083542161162780744",
      "motivo": "comprei uma cnt nitrada",
      "codigo": "A835D7"
    }
  ],
  "1119851724480462900": [
    {
      "dono_ticket": "1119851724480462900",
      "fechou_ticket": "1083542161162780744",
      "assumido": "1083542161162780744",
      "motivo": "não consigo colocar os bots do mega Peck que comprei com vcs",
      "codigo": "ACBD58"
    },
    {
      "dono_ticket": "1119851724480462900",
      "fechou_ticket": "1083542161162780744",
      "assumido": "1083542161162780744",
      "motivo": "o negócio de graça esqueci o nome",
      "codigo": "9CC7DD"
    }
  ],
  "1183958654219735180": [
    {
      "dono_ticket": "1183958654219735180",
      "fechou_ticket": "1083542161162780744",
      "assumido": "1083542161162780744",
      "motivo": "fiquei interessado no bgl de parcerias, tenho servidores pkrl p poder fazer parcerias",
      "codigo": "30B161"
    },
    {
      "dono_ticket": "1183958654219735180",
      "fechou_ticket": "1146871654157402212",
      "assumido": "Ninguem Assumiu",
      "motivo": "cabei de fechar uma parceria mano",
      "codigo": "26E8B3"
    },
    {
      "dono_ticket": "1183958654219735180",
      "fechou_ticket": "936499127087407106",
      "assumido": "Ninguem Assumiu",
      "motivo": "cabei de fechar uma parceria mano",
      "codigo": "26E8B3"
    }
  ],
  "1113240909388189756": [
    {
      "dono_ticket": "1113240909388189756",
      "fechou_ticket": "1083542161162780744",
      "assumido": "936499127087407106",
      "motivo": "Resgatar benefícios",
      "codigo": "953CD0"
    }
  ],
  "926235672984051734": [
    {
      "dono_ticket": "926235672984051734",
      "fechou_ticket": "1083542161162780744",
      "assumido": "1083542161162780744",
      "motivo": "Não recebi o produto, fiz a compra do Nitro Trimensal de 1,90, efetuei o Pix, Recebi o Link, mas dizia que já tinha resgatado ele, agora estou sem o produto e o dinheiro.",
      "codigo": "4FFC6A"
    },
    {
      "dono_ticket": "926235672984051734",
      "fechou_ticket": "1083542161162780744",
      "assumido": "275793991805566980",
      "motivo": "Pronto paguei os 2 boost, falta só o link do Server",
      "codigo": "5DDFA2"
    }
  ],
  "964559047003103234": [
    {
      "dono_ticket": "964559047003103234",
      "fechou_ticket": "1083542161162780744",
      "assumido": "1083542161162780744",
      "motivo": "Prime Video",
      "codigo": "2CA2A4"
    },
    {
      "dono_ticket": "964559047003103234",
      "fechou_ticket": "1083542161162780744",
      "assumido": "1083542161162780744",
      "motivo": "Compra",
      "codigo": "A4B3ED"
    },
    {
      "dono_ticket": "964559047003103234",
      "fechou_ticket": "1083542161162780744",
      "assumido": "Ninguem Assumiu",
      "motivo": "compra",
      "codigo": "A032D6"
    },
    {
      "dono_ticket": "964559047003103234",
      "fechou_ticket": "1083542161162780744",
      "assumido": "1083542161162780744",
      "motivo": "compra",
      "codigo": "AD0CC5"
    }
  ],
  "414176505430802445": [
    {
      "dono_ticket": "414176505430802445",
      "fechou_ticket": "275793991805566980",
      "assumido": "936499127087407106",
      "motivo": "Fiz a compra de 15 steam key e não sei resgatar :(((",
      "codigo": "6B677A"
    }
  ],
  "1142786400236867724": [
    {
      "dono_ticket": "1142786400236867724",
      "fechou_ticket": "1083542161162780744",
      "assumido": "1083542161162780744",
      "motivo": "receber insígnia",
      "codigo": "4D3C8D"
    }
  ],
  "972103799722373140": [
    {
      "dono_ticket": "972103799722373140",
      "fechou_ticket": "1083542161162780744",
      "assumido": "1083542161162780744",
      "motivo": "ativaçao de nitro",
      "codigo": "C2EBB2"
    }
  ],
  "1031980563566968874": [
    {
      "dono_ticket": "1031980563566968874",
      "fechou_ticket": "1083542161162780744",
      "assumido": "1083542161162780744",
      "motivo": "developer",
      "codigo": "AAB84E"
    },
    {
      "dono_ticket": "1031980563566968874",
      "fechou_ticket": "1083542161162780744",
      "assumido": "1083542161162780744",
      "motivo": "conpra",
      "codigo": "CFCBDC"
    },
    {
      "dono_ticket": "1031980563566968874",
      "fechou_ticket": "1083542161162780744",
      "assumido": "Ninguem Assumiu",
      "motivo": "opa",
      "codigo": "CACFEE"
    }
  ],
  "1139344191814639697": [
    {
      "dono_ticket": "1139344191814639697",
      "fechou_ticket": "1083542161162780744",
      "assumido": "Ninguem Assumiu",
      "motivo": "Quero resgatar meu produto",
      "codigo": "E487C1"
    },
    {
      "dono_ticket": "1139344191814639697",
      "fechou_ticket": "936499127087407106",
      "assumido": "Ninguem Assumiu",
      "motivo": "Compra",
      "codigo": "9E592C"
    }
  ],
  "1116228065979269203": [
    {
      "dono_ticket": "1116228065979269203",
      "fechou_ticket": "1083542161162780744",
      "assumido": "1083542161162780744",
      "motivo": "Comprei uma conta trimensal",
      "codigo": "A84D7D"
    }
  ],
  "830479652681678859": [
    {
      "dono_ticket": "830479652681678859",
      "fechou_ticket": "1083542161162780744",
      "assumido": "1083542161162780744",
      "motivo": "conta nitrada",
      "codigo": "9C6BAF"
    },
    {
      "dono_ticket": "830479652681678859",
      "fechou_ticket": "1083542161162780744",
      "assumido": "1083542161162780744",
      "motivo": "paramount full acesso",
      "codigo": "3FEB27"
    }
  ],
  "1084263388793802814": [
    {
      "dono_ticket": "1084263388793802814",
      "fechou_ticket": "1083542161162780744",
      "assumido": "1083542161162780744",
      "motivo": "acabei de comprar uma conta nitrada mensal",
      "codigo": "A3C381"
    }
  ],
  "360242392458199051": [
    {
      "dono_ticket": "360242392458199051",
      "fechou_ticket": "1083542161162780744",
      "assumido": "1083542161162780744",
      "motivo": "nitrada",
      "codigo": "3C97DF"
    }
  ],
  "610124050869518336": [
    {
      "dono_ticket": "610124050869518336",
      "fechou_ticket": "1049283912985235467",
      "assumido": "1049283912985235467",
      "motivo": "parceria",
      "codigo": "F04B53"
    },
    {
      "dono_ticket": "610124050869518336",
      "fechou_ticket": "610124050869518336",
      "assumido": "1049283912985235467",
      "motivo": "parceria",
      "codigo": "F04B53"
    },
    {
      "dono_ticket": "610124050869518336",
      "fechou_ticket": "1083542161162780744",
      "assumido": "1083542161162780744",
      "motivo": "parceria",
      "codigo": "F04B53"
    }
  ],
  "652714091542085632": [
    {
      "dono_ticket": "652714091542085632",
      "fechou_ticket": "1083542161162780744",
      "assumido": "1083542161162780744",
      "motivo": "Compra",
      "codigo": "75F0CF"
    },
    {
      "dono_ticket": "652714091542085632",
      "fechou_ticket": "1083542161162780744",
      "assumido": "Ninguem Assumiu",
      "motivo": "Compras",
      "codigo": "F3A7FD"
    },
    {
      "dono_ticket": "652714091542085632",
      "fechou_ticket": "1083542161162780744",
      "assumido": "Ninguem Assumiu",
      "motivo": "Booster",
      "codigo": "12CFFB"
    }
  ],
  "868294787516735559": [
    {
      "dono_ticket": "868294787516735559",
      "fechou_ticket": "1146871654157402212",
      "assumido": "Ninguem Assumiu",
      "motivo": "Queria saber como funciona a conta nitrato mensal",
      "codigo": "EB0A62"
    },
    {
      "dono_ticket": "868294787516735559",
      "fechou_ticket": "1083542161162780744",
      "assumido": "Ninguem Assumiu",
      "motivo": "Queria saber como funciona a conta nitrato mensal",
      "codigo": "EB0A62"
    },
    {
      "dono_ticket": "868294787516735559",
      "fechou_ticket": "1146871654157402212",
      "assumido": "1083542161162780744",
      "motivo": "receber meu produto",
      "codigo": "D57D9C"
    },
    {
      "dono_ticket": "868294787516735559",
      "fechou_ticket": "1083542161162780744",
      "assumido": "1083542161162780744",
      "motivo": "receber meu produto",
      "codigo": "D57D9C"
    }
  ],
  "1136237029567500329": [
    {
      "dono_ticket": "1136237029567500329",
      "fechou_ticket": "275793991805566980",
      "assumido": "1083542161162780744",
      "motivo": "resgatar o spotify lifetime",
      "codigo": "1EABCB"
    }
  ],
  "1112042994183458926": [
    {
      "dono_ticket": "1112042994183458926",
      "fechou_ticket": "1083542161162780744",
      "assumido": "275793991805566980",
      "motivo": "parceria",
      "codigo": "5BAC76"
    }
  ],
  "937431434854031510": [
    {
      "dono_ticket": "937431434854031510",
      "fechou_ticket": "1083542161162780744",
      "assumido": "Ninguem Assumiu",
      "motivo": "ajuda",
      "codigo": "E6A8B4"
    },
    {
      "dono_ticket": "937431434854031510",
      "fechou_ticket": "1083542161162780744",
      "assumido": "Ninguem Assumiu",
      "motivo": "ajuda",
      "codigo": "E6A8B4"
    },
    {
      "dono_ticket": "937431434854031510",
      "fechou_ticket": "1083542161162780744",
      "assumido": "Ninguem Assumiu",
      "motivo": "ajuda",
      "codigo": "8ABDCD"
    }
  ],
  "1159063211899883576": [
    {
      "dono_ticket": "1159063211899883576",
      "fechou_ticket": "1083542161162780744",
      "assumido": "275793991805566980",
      "motivo": "Netflix",
      "codigo": "7C9BD1"
    },
    {
      "dono_ticket": "1159063211899883576",
      "fechou_ticket": "1083542161162780744",
      "assumido": "1083542161162780744",
      "motivo": "duvida",
      "codigo": "7A457C"
    }
  ],
  "1118965849789841508": [
    {
      "dono_ticket": "1118965849789841508",
      "fechou_ticket": "1083542161162780744",
      "assumido": "1083542161162780744",
      "motivo": "Opa tem impulso?",
      "codigo": "FD6ACE"
    },
    {
      "dono_ticket": "1118965849789841508",
      "fechou_ticket": "1083542161162780744",
      "assumido": "1083542161162780744",
      "motivo": "Comprei uma netflix full acss",
      "codigo": "4F3C21"
    },
    {
      "dono_ticket": "1118965849789841508",
      "fechou_ticket": "1083542161162780744",
      "assumido": "1083542161162780744",
      "motivo": "Comprei nitro trimensal",
      "codigo": "BCC8DF"
    },
    {
      "dono_ticket": "1118965849789841508",
      "fechou_ticket": "1083542161162780744",
      "assumido": "Ninguem Assumiu",
      "motivo": "nitro trimensal",
      "codigo": "CC9FC3"
    }
  ],
  "979536715427479623": [
    {
      "dono_ticket": "979536715427479623",
      "fechou_ticket": "936499127087407106",
      "assumido": "Ninguem Assumiu",
      "motivo": "quero tranpa com vcs",
      "codigo": "F7EFAF"
    }
  ],
  "986397380524015648": [
    {
      "dono_ticket": "986397380524015648",
      "fechou_ticket": "986397380524015648",
      "assumido": "Ninguem Assumiu",
      "motivo": "ativar",
      "codigo": "011910"
    },
    {
      "dono_ticket": "986397380524015648",
      "fechou_ticket": "986397380524015648",
      "assumido": "Ninguem Assumiu",
      "motivo": "ativar",
      "codigo": "011910"
    },
    {
      "dono_ticket": "986397380524015648",
      "fechou_ticket": "1083542161162780744",
      "assumido": "Ninguem Assumiu",
      "motivo": "ativar",
      "codigo": "011910"
    }
  ],
  "823982006702309446": [
    {
      "dono_ticket": "823982006702309446",
      "fechou_ticket": "936499127087407106",
      "assumido": "Ninguem Assumiu",
      "motivo": "invites 🥺🥺",
      "codigo": "D77BEB"
    },
    {
      "dono_ticket": "823982006702309446",
      "fechou_ticket": "936499127087407106",
      "assumido": "Ninguem Assumiu",
      "motivo": "😡😡",
      "codigo": "C7E4DE"
    },
    {
      "dono_ticket": "823982006702309446",
      "fechou_ticket": "1103409544488566854",
      "assumido": "Ninguem Assumiu",
      "motivo": "sorteio",
      "codigo": "3DFC88"
    }
  ],
  "1146871654157402212": [
    {
      "dono_ticket": "1146871654157402212",
      "fechou_ticket": "275793991805566980",
      "assumido": "Ninguem Assumiu",
      "motivo": "conta nitrada minha e do syck",
      "codigo": "1DA170"
    }
  ],
  "316402077364649986": [
    {
      "dono_ticket": "316402077364649986",
      "fechou_ticket": "1083542161162780744",
      "assumido": "1083542161162780744",
      "motivo": "emb dev",
      "codigo": "DFACF8"
    }
  ],
  "681276434538692679": [
    {
      "dono_ticket": "681276434538692679",
      "fechou_ticket": "681276434538692679",
      "assumido": "681276434538692679",
      "motivo": "não entendi uma conta que recebi após comprar 5",
      "codigo": "7A8757"
    },
    {
      "dono_ticket": "681276434538692679",
      "fechou_ticket": "1083542161162780744",
      "assumido": "681276434538692679",
      "motivo": "não entendi uma conta que recebi após comprar 5",
      "codigo": "7A8757"
    }
  ],
  "484183656076673046": [
    {
      "dono_ticket": "484183656076673046",
      "fechou_ticket": "275793991805566980",
      "assumido": "Ninguem Assumiu",
      "motivo": "Steam Key",
      "codigo": "CD7F7C"
    },
    {
      "dono_ticket": "484183656076673046",
      "fechou_ticket": "936499127087407106",
      "assumido": "Ninguem Assumiu",
      "motivo": "Steam key",
      "codigo": "CCEFFF"
    }
  ],
  "1194987880251142234": [
    {
      "dono_ticket": "1194987880251142234",
      "fechou_ticket": "1083542161162780744",
      "assumido": "1083542161162780744",
      "motivo": "recompensa bs",
      "codigo": "BAA2BA"
    }
  ],
  "1175305730593673229": [
    {
      "dono_ticket": "1175305730593673229",
      "fechou_ticket": "1083542161162780744",
      "assumido": "1083542161162780744",
      "motivo": "minha insignia",
      "codigo": "2CFEBE"
    },
    {
      "dono_ticket": "1175305730593673229",
      "fechou_ticket": "1083542161162780744",
      "assumido": "1083542161162780744",
      "motivo": "conta nitro",
      "codigo": "1BEFBC"
    },
    {
      "dono_ticket": "1175305730593673229",
      "fechou_ticket": "1083542161162780744",
      "assumido": "1083542161162780744",
      "motivo": "link trimestral",
      "codigo": "FCC895"
    },
    {
      "dono_ticket": "1175305730593673229",
      "fechou_ticket": "1083542161162780744",
      "assumido": "1083542161162780744",
      "motivo": "minha conta nitrada mensal",
      "codigo": "BDDEC4"
    }
  ],
  "1102662557866663946": [
    {
      "dono_ticket": "1102662557866663946",
      "fechou_ticket": "1083542161162780744",
      "assumido": "Ninguem Assumiu",
      "motivo": "Quero abrir esse ticket, porque quero começar a trabalhar com vcs e ajudar em tudo nq eu posso",
      "codigo": "D44D33"
    }
  ],
  "556659168023412756": [
    {
      "dono_ticket": "556659168023412756",
      "fechou_ticket": "556659168023412756",
      "assumido": "1083542161162780744",
      "motivo": "comprei uma Disney e não tá entrando",
      "codigo": "496A1B"
    }
  ],
  "1184578965772447846": [
    {
      "dono_ticket": "1184578965772447846",
      "fechou_ticket": "1184578965772447846",
      "assumido": "936499127087407106",
      "motivo": "botaaaaaaaaaaaaaaaaaaaaaaaaa",
      "codigo": "CFCD37"
    },
    {
      "dono_ticket": "1184578965772447846",
      "fechou_ticket": "1175413523665408023",
      "assumido": "936499127087407106",
      "motivo": "botaaaaaaaaaaaaaaaaaaaaaaaaa",
      "codigo": "CFCD37"
    },
    {
      "dono_ticket": "1184578965772447846",
      "fechou_ticket": "1175413523665408023",
      "assumido": "936499127087407106",
      "motivo": "botaaaaaaaaaaaaaaaaaaaaaaaaa",
      "codigo": "CFCD37"
    },
    {
      "dono_ticket": "1184578965772447846",
      "fechou_ticket": "1175413523665408023",
      "assumido": "936499127087407106",
      "motivo": "botaaaaaaaaaaaaaaaaaaaaaaaaa",
      "codigo": "CFCD37"
    },
    {
      "dono_ticket": "1184578965772447846",
      "fechou_ticket": "1175413523665408023",
      "assumido": "936499127087407106",
      "motivo": "botaaaaaaaaaaaaaaaaaaaaaaaaa",
      "codigo": "CFCD37"
    },
    {
      "dono_ticket": "1184578965772447846",
      "fechou_ticket": "1083542161162780744",
      "assumido": "936499127087407106",
      "motivo": "botaaaaaaaaaaaaaaaaaaaaaaaaa",
      "codigo": "CFCD37"
    },
    {
      "dono_ticket": "1184578965772447846",
      "fechou_ticket": "1083542161162780744",
      "assumido": "Ninguem Assumiu",
      "motivo": "luffy ve pv",
      "codigo": "ADB67B"
    }
  ],
  "1194342031045173278": [
    {
      "dono_ticket": "1194342031045173278",
      "fechou_ticket": "275793991805566980",
      "assumido": "1049283912985235467",
      "motivo": "desejo fazer parceria normal com o server, tenhos os req, 1,7k de membros",
      "codigo": "5DCC4C"
    }
  ],
  "1113937305590304788": [
    {
      "dono_ticket": "1113937305590304788",
      "fechou_ticket": "1083542161162780744",
      "assumido": "Ninguem Assumiu",
      "motivo": "vi resgata minha conta nitrada trimensal",
      "codigo": "9FB95E"
    },
    {
      "dono_ticket": "1113937305590304788",
      "fechou_ticket": "275793991805566980",
      "assumido": "Ninguem Assumiu",
      "motivo": ".",
      "codigo": "6A63E8"
    }
  ],
  "1145835133920874497": [
    {
      "dono_ticket": "1145835133920874497",
      "fechou_ticket": "1175413523665408023",
      "assumido": "Ninguem Assumiu",
      "motivo": "parceria",
      "codigo": "6CC494"
    },
    {
      "dono_ticket": "1145835133920874497",
      "fechou_ticket": "1083542161162780744",
      "assumido": "Ninguem Assumiu",
      "motivo": "parceria",
      "codigo": "6CC494"
    }
  ],
  "964714689940561951": [
    {
      "dono_ticket": "964714689940561951",
      "fechou_ticket": "1083542161162780744",
      "assumido": "1083542161162780744",
      "motivo": "nitro tri",
      "codigo": "FD4FFC"
    }
  ],
  "1175706077388623872": [
    {
      "dono_ticket": "1175706077388623872",
      "fechou_ticket": "1083542161162780744",
      "assumido": "Ninguem Assumiu",
      "motivo": "Mn vc poderia me vender o bot de vendas por 3,50?",
      "codigo": "ABBC12"
    }
  ],
  "934512364148129833": [
    {
      "dono_ticket": "934512364148129833",
      "fechou_ticket": "1175413523665408023",
      "assumido": "275793991805566980",
      "motivo": "Dei 2 impulsos e queria saber como pego as recompensas",
      "codigo": "BCA302"
    },
    {
      "dono_ticket": "934512364148129833",
      "fechou_ticket": "275793991805566980",
      "assumido": "275793991805566980",
      "motivo": "Dei 2 impulsos e queria saber como pego as recompensas",
      "codigo": "BCA302"
    }
  ],
  "805978564196827146": [
    {
      "dono_ticket": "805978564196827146",
      "fechou_ticket": "275793991805566980",
      "assumido": "1083542161162780744",
      "motivo": "receber produto",
      "codigo": "2CC391"
    }
  ],
  "899397903477522432": [
    {
      "dono_ticket": "899397903477522432",
      "fechou_ticket": "899397903477522432",
      "assumido": "Ninguem Assumiu",
      "motivo": "Star PLUS não está pegando",
      "codigo": "7C3A36"
    },
    {
      "dono_ticket": "899397903477522432",
      "fechou_ticket": "275793991805566980",
      "assumido": "Ninguem Assumiu",
      "motivo": "Star PLUS não está pegando",
      "codigo": "7C3A36"
    }
  ],
  "859866455093018644": [
    {
      "dono_ticket": "859866455093018644",
      "fechou_ticket": "1083542161162780744",
      "assumido": "1083542161162780744",
      "motivo": "boost",
      "codigo": "AA965F"
    },
    {
      "dono_ticket": "859866455093018644",
      "fechou_ticket": "859866455093018644",
      "assumido": "Ninguem Assumiu",
      "motivo": "Internacional",
      "codigo": "FA7AB7"
    },
    {
      "dono_ticket": "859866455093018644",
      "fechou_ticket": "823982006702309446",
      "assumido": "Ninguem Assumiu",
      "motivo": "Internacional",
      "codigo": "FA7AB7"
    },
    {
      "dono_ticket": "859866455093018644",
      "fechou_ticket": "823982006702309446",
      "assumido": "Ninguem Assumiu",
      "motivo": "Internacional",
      "codigo": "FA7AB7"
    },
    {
      "dono_ticket": "859866455093018644",
      "fechou_ticket": "936524273022009384",
      "assumido": "Ninguem Assumiu",
      "motivo": "Internacional",
      "codigo": "FA7AB7"
    }
  ],
  "1187352029450993785": [
    {
      "dono_ticket": "1187352029450993785",
      "fechou_ticket": "1083542161162780744",
      "assumido": "1187352029450993785",
      "motivo": "compra",
      "codigo": "DEA2E9"
    }
  ],
  "1140053232945729689": [
    {
      "dono_ticket": "1140053232945729689",
      "fechou_ticket": "1083542161162780744",
      "assumido": "1083542161162780744",
      "motivo": "Comprei Nitro Gift Basic",
      "codigo": "A0B400"
    },
    {
      "dono_ticket": "1140053232945729689",
      "fechou_ticket": "1049283912985235467",
      "assumido": "Ninguem Assumiu",
      "motivo": "Dúvida",
      "codigo": "BFF8A1"
    },
    {
      "dono_ticket": "1140053232945729689",
      "fechou_ticket": "1083542161162780744",
      "assumido": "Ninguem Assumiu",
      "motivo": "Dúvida",
      "codigo": "BFF8A1"
    },
    {
      "dono_ticket": "1140053232945729689",
      "fechou_ticket": "1083542161162780744",
      "assumido": "1083542161162780744",
      "motivo": "Conta trimensal",
      "codigo": "7FF4B6"
    }
  ],
  "733329582341750856": [
    {
      "dono_ticket": "733329582341750856",
      "fechou_ticket": "733329582341750856",
      "assumido": "Ninguem Assumiu",
      "motivo": "Spotify",
      "codigo": "61055C"
    },
    {
      "dono_ticket": "733329582341750856",
      "fechou_ticket": "1083542161162780744",
      "assumido": "Ninguem Assumiu",
      "motivo": "Spotify",
      "codigo": "61055C"
    }
  ],
  "1119992661240205462": [
    {
      "dono_ticket": "1119992661240205462",
      "fechou_ticket": "1083542161162780744",
      "assumido": "1083542161162780744",
      "motivo": "receber meu produto",
      "codigo": "59E91D"
    },
    {
      "dono_ticket": "1119992661240205462",
      "fechou_ticket": "1083542161162780744",
      "assumido": "Ninguem Assumiu",
      "motivo": "ativação de nitro",
      "codigo": "BF3B3F"
    }
  ],
  "1021030432994766898": [
    {
      "dono_ticket": "1021030432994766898",
      "fechou_ticket": "1083542161162780744",
      "assumido": "275793991805566980",
      "motivo": "duvida",
      "codigo": "44FC9B"
    },
    {
      "dono_ticket": "1021030432994766898",
      "fechou_ticket": "1083542161162780744",
      "assumido": "Ninguem Assumiu",
      "motivo": "slv",
      "codigo": "2D14BB"
    },
    {
      "dono_ticket": "1021030432994766898",
      "fechou_ticket": "1083542161162780744",
      "assumido": "1083542161162780744",
      "motivo": "resgatar div",
      "codigo": "DCFEEE"
    }
  ],
  "1111568315584880672": [
    {
      "dono_ticket": "1111568315584880672",
      "fechou_ticket": "1111568315584880672",
      "assumido": "Ninguem Assumiu",
      "motivo": ".",
      "codigo": "77636A"
    },
    {
      "dono_ticket": "1111568315584880672",
      "fechou_ticket": "1111568315584880672",
      "assumido": "Ninguem Assumiu",
      "motivo": ".",
      "codigo": "77636A"
    },
    {
      "dono_ticket": "1111568315584880672",
      "fechou_ticket": "1083542161162780744",
      "assumido": "Ninguem Assumiu",
      "motivo": ".",
      "codigo": "77636A"
    }
  ],
  "772551390563139654": [
    {
      "dono_ticket": "772551390563139654",
      "fechou_ticket": "275793991805566980",
      "assumido": "275793991805566980",
      "motivo": ":caixa: | Entrega do Produto: Gift Basic - 1/2 :dinheirokz: | ABRA TICKET E MARQUE O @teuzkkkkj  :caixa: | Entrega do Produto: Gift Basic - 2/2 :dinheirokz: | ABRA TICKET E MARQUE O @teuzkkkkj",
      "codigo": "2BA9F6"
    },
    {
      "dono_ticket": "772551390563139654",
      "fechou_ticket": "275793991805566980",
      "assumido": "Ninguem Assumiu",
      "motivo": "<:caixa:1194013186660237433> | Entrega do Produto: Gift Basic - 1/2 abra um ticket e marque o luffy  <:caixa:1194013186660237433> | Entrega do Produto: Gift Basic - 2/2 abra um ticket e marque o luffy",
      "codigo": "CACC42"
    },
    {
      "dono_ticket": "772551390563139654",
      "fechou_ticket": "275793991805566980",
      "assumido": "1083542161162780744",
      "motivo": "ser staff",
      "codigo": "CC559D"
    },
    {
      "dono_ticket": "772551390563139654",
      "fechou_ticket": "275793991805566980",
      "assumido": "Ninguem Assumiu",
      "motivo": "oi dlc",
      "codigo": "E81D08"
    }
  ],
  "1083486886875639909": [
    {
      "dono_ticket": "1083486886875639909",
      "fechou_ticket": "1175413523665408023",
      "assumido": "Ninguem Assumiu",
      "motivo": "opa irmao, queria comprar o nitro gift basic, ta tendo?",
      "codigo": "4BAEF4"
    },
    {
      "dono_ticket": "1083486886875639909",
      "fechou_ticket": "1146871654157402212",
      "assumido": "Ninguem Assumiu",
      "motivo": "opa irmao, queria comprar o nitro gift basic, ta tendo?",
      "codigo": "4BAEF4"
    },
    {
      "dono_ticket": "1083486886875639909",
      "fechou_ticket": "275793991805566980",
      "assumido": "Ninguem Assumiu",
      "motivo": "opa irmao, queria comprar o nitro gift basic, ta tendo?",
      "codigo": "4BAEF4"
    },
    {
      "dono_ticket": "1083486886875639909",
      "fechou_ticket": "1083542161162780744",
      "assumido": "1083542161162780744",
      "motivo": "opa irmao, a conta nitrada mensal ta on?",
      "codigo": "5D7544"
    },
    {
      "dono_ticket": "1083486886875639909",
      "fechou_ticket": "1083542161162780744",
      "assumido": "1083542161162780744",
      "motivo": ":caixa~4: | Entrega do Produto: Nitrada Mensal - 1/1 ABRA TICKET E MARQUE O LUFFY!",
      "codigo": "96FDDC"
    }
  ],
  "815648476813721700": [
    {
      "dono_ticket": "815648476813721700",
      "fechou_ticket": "1083542161162780744",
      "assumido": "Ninguem Assumiu",
      "motivo": "receber net",
      "codigo": "2D3E3F"
    }
  ],
  "1189377775308656640": [
    {
      "dono_ticket": "1189377775308656640",
      "fechou_ticket": "1083542161162780744",
      "assumido": "Ninguem Assumiu",
      "motivo": "comprei uma conta com nitro, e o bot me pediu para resgata-la abrindo um ticket.",
      "codigo": "BCBAD6"
    }
  ],
  "1159052602009456640": [
    {
      "dono_ticket": "1159052602009456640",
      "fechou_ticket": "1083542161162780744",
      "assumido": "1083542161162780744",
      "motivo": "Dúvidas",
      "codigo": "FA5F21"
    },
    {
      "dono_ticket": "1159052602009456640",
      "fechou_ticket": "936524273022009384",
      "assumido": "Ninguem Assumiu",
      "motivo": "Aceito para staff",
      "codigo": "DEAFF5"
    }
  ],
  "275793991805566980": [
    {
      "dono_ticket": "275793991805566980",
      "fechou_ticket": "275793991805566980",
      "assumido": "Ninguem Assumiu",
      "motivo": "testando",
      "codigo": "43FD5D"
    },
    {
      "dono_ticket": "275793991805566980",
      "fechou_ticket": "275793991805566980",
      "assumido": "Ninguem Assumiu",
      "motivo": "test",
      "codigo": "FA0609"
    },
    {
      "dono_ticket": "275793991805566980",
      "fechou_ticket": "275793991805566980",
      "assumido": "Ninguem Assumiu",
      "motivo": "test",
      "codigo": "3F8CAF"
    },
    {
      "dono_ticket": "275793991805566980",
      "fechou_ticket": "275793991805566980",
      "assumido": "Ninguem Assumiu",
      "motivo": "receber colheta cc",
      "codigo": "389CB0"
    }
  ],
  "1062813152980500553": [
    {
      "dono_ticket": "1062813152980500553",
      "fechou_ticket": "1083542161162780744",
      "assumido": "1083542161162780744",
      "motivo": "gift",
      "codigo": "99ECA4"
    }
  ],
  "746135361859878912": [
    {
      "dono_ticket": "746135361859878912",
      "fechou_ticket": "746135361859878912",
      "assumido": "Ninguem Assumiu",
      "motivo": "parceria",
      "codigo": "CDDE05"
    }
  ],
  "1191531868806459482": [
    {
      "dono_ticket": "1191531868806459482",
      "fechou_ticket": "1191531868806459482",
      "assumido": "Ninguem Assumiu",
      "motivo": "ganhei no sorteio",
      "codigo": "DE8CAD"
    },
    {
      "dono_ticket": "1191531868806459482",
      "fechou_ticket": "1083542161162780744",
      "assumido": "Ninguem Assumiu",
      "motivo": "ganhei no sorteio",
      "codigo": "DE8CAD"
    }
  ],
  "1032506362426564650": [
    {
      "dono_ticket": "1032506362426564650",
      "fechou_ticket": "1032506362426564650",
      "assumido": "Ninguem Assumiu",
      "motivo": "vi q o theus tá interessado numa conta de ff tô com uma aqui",
      "codigo": "0A4FD6"
    },
    {
      "dono_ticket": "1032506362426564650",
      "fechou_ticket": "1083542161162780744",
      "assumido": "Ninguem Assumiu",
      "motivo": "vi q o theus tá interessado numa conta de ff tô com uma aqui",
      "codigo": "0A4FD6"
    },
    {
      "dono_ticket": "1032506362426564650",
      "fechou_ticket": "275793991805566980",
      "assumido": "1083542161162780744",
      "motivo": "receber meus 2 tri",
      "codigo": "71FBAB"
    }
  ],
  "1165829721200791644": [
    {
      "dono_ticket": "1165829721200791644",
      "fechou_ticket": "1083542161162780744",
      "assumido": "275793991805566980",
      "motivo": "div",
      "codigo": "AF6CED"
    }
  ],
  "1001476615366246480": [
    {
      "dono_ticket": "1001476615366246480",
      "fechou_ticket": "1083542161162780744",
      "assumido": "Ninguem Assumiu",
      "motivo": "o link nao chegou",
      "codigo": "391F1A"
    },
    {
      "dono_ticket": "1001476615366246480",
      "fechou_ticket": "1083542161162780744",
      "assumido": "Ninguem Assumiu",
      "motivo": "conta virgem nao ta funcionado no outlook",
      "codigo": "AFE1BE"
    },
    {
      "dono_ticket": "1001476615366246480",
      "fechou_ticket": "1083542161162780744",
      "assumido": "Ninguem Assumiu",
      "motivo": "spotify",
      "codigo": "1C0F81"
    }
  ],
  "1129213405178372237": [
    {
      "dono_ticket": "1129213405178372237",
      "fechou_ticket": "1083542161162780744",
      "assumido": "Ninguem Assumiu",
      "motivo": "comprei 1 nitro gift mais apareceu sem estoque",
      "codigo": "CFF974"
    }
  ],
  "1074735131023126599": [
    {
      "dono_ticket": "1074735131023126599",
      "fechou_ticket": "1074735131023126599",
      "assumido": "Ninguem Assumiu",
      "motivo": "Conta nitrada",
      "codigo": "7544D1"
    },
    {
      "dono_ticket": "1074735131023126599",
      "fechou_ticket": "1083542161162780744",
      "assumido": "Ninguem Assumiu",
      "motivo": "Conta nitrada",
      "codigo": "7544D1"
    }
  ],
  "1185114474760372245": [
    {
      "dono_ticket": "1185114474760372245",
      "fechou_ticket": "1083542161162780744",
      "assumido": "Ninguem Assumiu",
      "motivo": "conta trimensal",
      "codigo": "BDD44E"
    }
  ],
  "783672830008623104": [
    {
      "dono_ticket": "783672830008623104",
      "fechou_ticket": "936499127087407106",
      "assumido": "Ninguem Assumiu",
      "motivo": "conta star",
      "codigo": "41521B"
    },
    {
      "dono_ticket": "783672830008623104",
      "fechou_ticket": "1083542161162780744",
      "assumido": "Ninguem Assumiu",
      "motivo": "star",
      "codigo": "81D265"
    },
    {
      "dono_ticket": "783672830008623104",
      "fechou_ticket": "936499127087407106",
      "assumido": "Ninguem Assumiu",
      "motivo": "star",
      "codigo": "81D265"
    },
    {
      "dono_ticket": "783672830008623104",
      "fechou_ticket": "783672830008623104",
      "assumido": "Ninguem Assumiu",
      "motivo": "star",
      "codigo": "BB3BDF"
    },
    {
      "dono_ticket": "783672830008623104",
      "fechou_ticket": "1083542161162780744",
      "assumido": "Ninguem Assumiu",
      "motivo": "star",
      "codigo": "BB3BDF"
    }
  ],
  "910951684430233640": [
    {
      "dono_ticket": "910951684430233640",
      "fechou_ticket": "1083542161162780744",
      "assumido": "Ninguem Assumiu",
      "motivo": "ajuda",
      "codigo": "163CBD"
    }
  ],
  "759220516203921418": [
    {
      "dono_ticket": "759220516203921418",
      "fechou_ticket": "275793991805566980",
      "assumido": "Ninguem Assumiu",
      "motivo": "receber impulso amanhã",
      "codigo": "CDD0D5"
    }
  ],
  "916904003265232967": [
    {
      "dono_ticket": "916904003265232967",
      "fechou_ticket": "1083542161162780744",
      "assumido": "Ninguem Assumiu",
      "motivo": "trimensal",
      "codigo": "D3DDF8"
    }
  ],
  "1043679424144482367": [
    {
      "dono_ticket": "1043679424144482367",
      "fechou_ticket": "1083542161162780744",
      "assumido": "Ninguem Assumiu",
      "motivo": "comprei impulso",
      "codigo": "CACBAA"
    }
  ],
  "1115719108110065838": [
    {
      "dono_ticket": "1115719108110065838",
      "fechou_ticket": "1083542161162780744",
      "assumido": "Ninguem Assumiu",
      "motivo": "Recompensa boost",
      "codigo": "7F50BC"
    },
    {
      "dono_ticket": "1115719108110065838",
      "fechou_ticket": "1103409544488566854",
      "assumido": "Ninguem Assumiu",
      "motivo": ".",
      "codigo": "DE89DF"
    }
  ],
  "1187522680572883121": [
    {
      "dono_ticket": "1187522680572883121",
      "fechou_ticket": "1083542161162780744",
      "assumido": "1083542161162780744",
      "motivo": "opa, to com um probleminha",
      "codigo": "EAE025"
    }
  ],
  "900397527000555610": [
    {
      "dono_ticket": "900397527000555610",
      "fechou_ticket": "1103409544488566854",
      "assumido": "Ninguem Assumiu",
      "motivo": "To querendo ser staff",
      "codigo": "BCDD1F"
    }
  ],
  "1032484606995341372": [
    {
      "dono_ticket": "1032484606995341372",
      "fechou_ticket": "1032484606995341372",
      "assumido": "Ninguem Assumiu",
      "motivo": "receber tri",
      "codigo": "E50ED0"
    },
    {
      "dono_ticket": "1032484606995341372",
      "fechou_ticket": "1083542161162780744",
      "assumido": "Ninguem Assumiu",
      "motivo": "receber tri",
      "codigo": "E50ED0"
    },
    {
      "dono_ticket": "1032484606995341372",
      "fechou_ticket": "1032484606995341372",
      "assumido": "Ninguem Assumiu",
      "motivo": "esgotou",
      "codigo": "C516B5"
    },
    {
      "dono_ticket": "1032484606995341372",
      "fechou_ticket": "1083542161162780744",
      "assumido": "Ninguem Assumiu",
      "motivo": "esgotou",
      "codigo": "C516B5"
    }
  ],
  "939293900097605652": [
    {
      "dono_ticket": "939293900097605652",
      "fechou_ticket": "823982006702309446",
      "assumido": "Ninguem Assumiu",
      "motivo": "oi",
      "codigo": "194C8A"
    },
    {
      "dono_ticket": "939293900097605652",
      "fechou_ticket": "1083542161162780744",
      "assumido": "Ninguem Assumiu",
      "motivo": "oi",
      "codigo": "194C8A"
    }
  ],
  "1066173165396562061": [
    {
      "dono_ticket": "1066173165396562061",
      "fechou_ticket": "1083542161162780744",
      "assumido": "1083542161162780744",
      "motivo": "Conta Nitada mensl",
      "codigo": "28598D"
    },
    {
      "dono_ticket": "1066173165396562061",
      "fechou_ticket": "1083542161162780744",
      "assumido": "Ninguem Assumiu",
      "motivo": "Minha Hbo N pega",
      "codigo": "A5767D"
    }
  ],
  "1108143588442902540": [
    {
      "dono_ticket": "1108143588442902540",
      "fechou_ticket": "1083542161162780744",
      "assumido": "1083542161162780744",
      "motivo": "Comprei 21 contas e nenhuma entrou",
      "codigo": "CFC9EF"
    }
  ],
  "969810942999269416": [
    {
      "dono_ticket": "969810942999269416",
      "fechou_ticket": "1083542161162780744",
      "assumido": "1083542161162780744",
      "motivo": "Comprei 2 netflix",
      "codigo": "5CBB4F"
    },
    {
      "dono_ticket": "969810942999269416",
      "fechou_ticket": "1083542161162780744",
      "assumido": "Ninguem Assumiu",
      "motivo": "Dúvidas",
      "codigo": "A71EF0"
    }
  ],
  "931280430701887540": [
    {
      "dono_ticket": "931280430701887540",
      "fechou_ticket": "1083542161162780744",
      "assumido": "1083542161162780744",
      "motivo": "Quero recolher o impulsos",
      "codigo": "24A3BB"
    }
  ],
  "1188707914538553364": [
    {
      "dono_ticket": "1188707914538553364",
      "fechou_ticket": "1083542161162780744",
      "assumido": "Ninguem Assumiu",
      "motivo": "resta garantir paramount full acesso",
      "codigo": "DE4ACE"
    }
  ],
  "1175083054314831943": [
    {
      "dono_ticket": "1175083054314831943",
      "fechou_ticket": "1083542161162780744",
      "assumido": "Ninguem Assumiu",
      "motivo": "Receber produto",
      "codigo": "6E4E35"
    }
  ],
  "937394128721965078": [
    {
      "dono_ticket": "937394128721965078",
      "fechou_ticket": "1083542161162780744",
      "assumido": "Ninguem Assumiu",
      "motivo": "Se alguém comprar a ativação na minha store eu compro daqui blz n sei ativar n",
      "codigo": "8CF7C8"
    }
  ],
  "966929015397040178": [
    {
      "dono_ticket": "966929015397040178",
      "fechou_ticket": "1083542161162780744",
      "assumido": "Ninguem Assumiu",
      "motivo": "resgatar nitro",
      "codigo": "BDEDDA"
    }
  ],
  "1175438762558374041": [
    {
      "dono_ticket": "1175438762558374041",
      "fechou_ticket": "275793991805566980",
      "assumido": "1083542161162780744",
      "motivo": "compra",
      "codigo": "FF5A29"
    },
    {
      "dono_ticket": "1175438762558374041",
      "fechou_ticket": "1083542161162780744",
      "assumido": "Ninguem Assumiu",
      "motivo": "compra",
      "codigo": "2748BB"
    }
  ],
  "1108482922631147571": [
    {
      "dono_ticket": "1108482922631147571",
      "fechou_ticket": "1083542161162780744",
      "assumido": "Ninguem Assumiu",
      "motivo": "ahhh",
      "codigo": "3C08AC"
    }
  ],
  "1032612089954582528": [
    {
      "dono_ticket": "1032612089954582528",
      "fechou_ticket": "1083542161162780744",
      "assumido": "1083542161162780744",
      "motivo": "aaaa",
      "codigo": "FFD40C"
    },
    {
      "dono_ticket": "1032612089954582528",
      "fechou_ticket": "275793991805566980",
      "assumido": "Ninguem Assumiu",
      "motivo": "aaa",
      "codigo": "E09DD6"
    }
  ],
  "530522958716993536": [
    {
      "dono_ticket": "530522958716993536",
      "fechou_ticket": "530522958716993536",
      "assumido": "Ninguem Assumiu",
      "motivo": "oi BB fui escolhido como staff",
      "codigo": "4EF1B4"
    },
    {
      "dono_ticket": "530522958716993536",
      "fechou_ticket": "275793991805566980",
      "assumido": "Ninguem Assumiu",
      "motivo": "oi BB fui escolhido como staff",
      "codigo": "4EF1B4"
    }
  ],
  "1103409544488566854": [
    {
      "dono_ticket": "1103409544488566854",
      "fechou_ticket": "1103409544488566854",
      "assumido": "1103409544488566854",
      "motivo": "o",
      "codigo": "0EFB06"
    }
  ],
  "1114643959331962880": [
    {
      "dono_ticket": "1114643959331962880",
      "fechou_ticket": "1114643959331962880",
      "assumido": "Ninguem Assumiu",
      "motivo": "m",
      "codigo": "CBCD0E"
    }
  ],
  "1314296909338382427": [
    {
      "dono_ticket": "1314296909338382427",
      "fechou_ticket": "1083542161162780744",
      "assumido": "1083542161162780744",
      "motivo": "Opa",
      "codigo": "2F98E6"
    }
  ]
}